id,question
1,"For Which Items Do People Wait In Long Lines To Purchase At The Holidays?"
2,"Name An Occupation That Would Never drive A Small Car."
3,"Name A Skill That A Person’s Resume Might Claim They’re Better At Than They Really Are."
4,"Name A Christmas Show That Is On TV Every Year."
5,"Name A Place Where Most Americans Go At Least Once For Vacation"
6,"Tell Me Something You Try To Avoid Hitting While Sledding Down A Hill"
7,"Name Something Specific A Student Might Do In Oder To Become The Teacher’s Pet"
8,"What Time Is The earliest You’re Willing To Get Up On A Saturday?"
9,"A What Place Would You Not want To Be Seated Next To Someone With An Annoying Laugh"
10,"Name Something You Are Embarrassed To Do In Front Of People At The Gym"
11,"Tell Me Something About A Boy’s Appearance That Might Make his Date’s Disapprove Of Him"
12,"Name Something A Child Might Carry Along Everywhere"
13,"Which Former President Would Look Funny Wearing A Dress?"
14,"Name Something Your Spouse Might Get Mad At You for Doing Too Much"
15,"What Kind Of Gift Would You Get Somebody That Spends A Lot Of Time At The Beach"
16,"Name Something Millionaires Might Shop For Just For Fun"
17,"Name An Item Stores Probably Have A Hard Time Selling After Christmas"
18,"Name Something You Do In Front Of A Mirror You Wouldn’t Want Anyone To See"
19,"Name Something That You Can Tell Is Fake In A Cheesy Movie"
20,"Name Something Your Likely To Find At A Fall Harvest Fair"
21,"name A fear parents Have For Their Child, When She Moves Out Of The House"
22,"When Sitting Close To A Date, What Clue Might They Give That They Like "
23,"Name An Instance When You Fake A Smile"
24,"Name A Sign You’re At A Really Cheap Birthday party"
25,"Name Something That Young Children Memorize"
26,"Name Something A Hobo Does To Pass His Time While Ridin’ The Rails"
27,"Other than Acting, Name A Profession That Celebrity Actors Might Take Up"
28,"What Might A Rock Star Do At A Concert Hall That prevents Him Form Getting Hired Again"
29,"Name Something You Should Never Wear As The Guest At Someone’s Wedding"
30,"Name Something Men In Fairy Tales Fight Against, That Real Men Don’t"
31,"Name A Movie Or TV Show That Has The word ‘Diary/Diaries’ In The Title"
32,"We Asked 100 Married people: After How Many Did You Know Your Partner was The one?"
33,"If A group Of Senior Citizens Formed A Punk Rock Band, What Might Their Songs Bark About"
34,"Name A Job Where It Would Be Okay To Yell At Work"
35,"Name A Sport In Which Participants Use A Specific Kind Of Headwear"
36,"What Do People Do That Could Get Them Kicked Out Of A Museum"
37,"Name Something That often Has Magical Powers In fairy Tales"
38,"Name Something A Child Might Never Do If They weren’t Forced To"
39,"Name Something That it’s Hard To Do While Listening To Music"
40,"Name An Expression That Ends With The word “House”"
41,"aside From Animals, Name Something People Hunt For."
42,"name Something A Celebrity Hopes Won’t Happen While On Stage To Accept An Award"
43,"Name Something You Do In A Booth"
44,"name something You Often Feel Sleepy while Doing"
45,"Name A Reason Your Bathroom Is Better Than An Outhouse"
46,"Name A Job Where Employees Must get Tired Arms"
47,"Name A Specif Food That Someone With High Cholesterol Might give Up"
48,"name A Way You Might Be Able to Tell Your Baby Is really An Alien"
49,"What Might somebody Do That Would Annoy Fellow Theater-Goers At A Play?"
50,"Name Something A Magician Might Make Disappear"
51,"Name Something A Slob Might Never Clean"
52,"Name A Popular Pick Up Line"
53,"By What Method Might A Woman Make The Announcement That She’s Pregnant"
54,"What Might An Adult Wear That Has His Name On It?"
55,"Besides The Blade, Name Something You’d Find On A Swiss Army Knife"
56,"Name Something Teens May Be Afraid Of When Moving Away To College"
57,"name A Place You’d Visit More Often If It wasn’t So Crowded There"
58,"Name A Place Where A Mom Might Go When She Says, ” I Need Peace And Quiet.”"
59,"Name Something Around The House You Might Keep Spare Batteries For"
60,"What Is The First Thing You Would Do If You Won A Million Dollars"
61,"Name something That’s forbidden In Most Swimming Pools"
62,"What Do Tourists Ride In Or On, That Makes Them Stand Out?"
63,"Name something Many People Would Love To Live Next To"
64,"At which Type Of Place Would You Be Surprised To See A Neon Sign Hanging In The Window"
65,"Name a Meal You’d Never Serve At a Fancy Party"
66,"Name A type Of Dance People Do In A Dance Competition"
67,"Name Something A Fan Might Collect From Their favorite Singer"
68,"Name A Complaint A Customer Might Have About A Bar They’re At"
69,"name Something You Carry with You Just In Case, But Hate to Get Stuck Carrying"
70,"Name Something Men Probably Lie About Most"
71,"Name Something People Proudly Share On Facebook"
72,"Name Something You Wouldn’t Want Your date To Talk Too Much About"
73,"Name Something Pros Do On A Golf Course, That You’d Look Silly Doing For Mini Golf"
74,"On Average, How Many Hours Does A Couple Sleep On Their Wedding Night"
75,"It’s Said There Is A Seven Year Itch, After How Many Years Do You Think The Itch really Comes"
76,"Name A Place You Would Go With Your Wife Just To Make Her Stop Nagging"
77,"Name Something You Do After returning Home From A Long Vacation"
78,"Name An Employee You’d Find At A Fancy Hotel, But Not At A Budget Motel"
79,"Tell Someone Who Parents Tell Their Kids To Have respect For. (More specific Then “Elders”)"
80,"Name Something You Would Do In A Public Restroom That You Would Never Do In Your Own Bathroom"
81,"Name Something A Person Might Do In Order To Stay Attractive"
82,"Name Something Women’s Magazines Give Advice On"
83,"What Is The Best Part Of A 4th Of July Parade"
84,"What Is The Maximum Number Of Times It’s Okay For Your Partner To Call You At Work"
85,"Name Something That Usually Stops After A Couple Gets Married"
86,"Name Something Grocery Stores Keep In A Glass Case"
87,"Name A Club A High School Student Might Belong To"
88,"Name A Public Place You Immediately Want To Wash Your Hands Immediately After Leaving"
89,"Name A Movie Or TV Show about Gangsters"
90,"Which Color Of Car Do You Think Gets Pulled Over Most Often"
91,"Name Something A resourceful Person Might Use To Hang A Picture If They Didn’t Have A Nail"
92,"Which Olympic Sport Would Be Most Fun To watch Live"
93,"Name A Culture Or Religion That Celebrates A Different New Year Then The West"
94,"Instead Of Get A Job, Name Something A Person Might Do After College"
95,"We Asked 100 Parents: Name Something You’d Tell Your Children To Do First Before Getting Married"
96,"Name A Place That Single People Travel To For Its Party Atmosphere"
97,"Name A Food Or Beverage You Wouldn’t Consume After It’d Been Sitting Out In Hot Weather"
98,"Instead Of Magazines, Name Something You wish Your Dentist’s Waiting Room Had?"
99,"Name Something That Is Rude To Do When Someone Is Taking TO You"
100,"Name A Child Actor Who Is Still Acting Or Working In Hollywood As An Adult"
101,"Name Something Most Parents have Pictures Of Their Child Doing"
102,"Name Something Your House Is Full Of After Christmas"
103,"Name A Piece Of Equipment Many Bikers Don’t Use, But Ought To."
104,"Name A Food That’s Baked In The Oven, But Can’t Be Cooked In The Microwave"
105,"Name Something About A Teddy Bear That’s Different From A Real Bear"
106,"In The Store, Name A Product That You Might Choose Because It’s Soft"
107,"Besides Swimming, Name Something People Do To Stay Cool In The Summer"
108,"Name A Drink That Often Comes With A Spoon"
109,"If You Got A New Puppy, Name Something You’d Teach It"
110,"Name Something That You Would wear To A Wedding In The Dessert"
111,"Name Something Romantic You Hope To Still Do With Your Partner When You’re 80"
112,"Tell Me A Situation That Makes Just About Everyone Nervous"
113,"Tell Me A Situation That Makes Just About Everyone Nervous"
114,"Name Something That’s Fake On WWF Wrestling"
115,"Name Something That Tastes Better With Salt On It"
116,"Name A Reason You May Not Be Able To Get Home For The Holidays"
117,"Name Something A Kid Might Use To Slide Down The Stairs"
118,"Name Something Many people Buy With Credit Card Instead Of Cash"
119,"Name A Food That Some People Prefer To Eat Burnt"
120,"Name An Activity People Commonly Take Up After Retirement."
121,"At A party where You Don’t Know Anyone, How Might You Pass The Time?"
122,"Name Something That Both A Dental Office And A Spa Might Have"
123,"Name A Football Bowl Game"
124,"Name Something A Hotel Guest Calls The Front Desk To Ask About"
125,"Name Something That May Be Found Washed Up On The Beach"
126,"Name A U.S. State Whose Residents Say “Y’All"
127,"Name Something That A Very thrifty Person Would Re-Use after A Birthday Party"
128,"Name Something You’ll Find On The Breakfast Menu No Matter What Kind Of Restaurant You’re At"
129,"Name A Gift That’s great To Give To Children If You Don’t Live With Them."
130,"Name An Organization That’s Only For Females"
131,"name a Profession Where You Might Be Fired If You Lost Your Voice"
132,"Name Something You shouldn’t Squeeze too Tightly"
133,"Name The Part Of The Wedding That The Bride And Groom Might Do More Out Of Tradition Than Choice"
134,"Name Something You See Or Hear That Reminds You Of An Ex."
135,"Name Something Made with Ginger"
136,"Name Something A Person With Extra Long Arms Would Be Good At"
137,"Name Something A Kid Would Do After School To Make An Extra Buck"
138,"Name Something Warm Served At An All-You-Can Eat Buffet."
139,"Complete This Sentence. I’d Never Date Someone Who had bad ___________ ."
140,"Name Someone The Groom Might Not Want At His Bachelor Party"
141,"Name Something You’d Like to Have In Your Backyard"
142,"Tell Me Something You Only Do When You’re Sick."
143,"Name A Form Of Technology That Some People Refuse to Use"
144,"Name Something That Probably Drops In Sales In The Winter."
145,"Name Something A Telemarketer Probably Hates About Their Job."
146,"Name Something A Husband Might Forget To Take To The Hospital When His Wife Is Having A Baby."
147,"Name An Occupation In Which One Spends His Day Cutting."
148,"When You’re Stressed Out, Name The Part Of Your Body Where You Feel It Most."
149,"Name Someone, Real Or Fictional, Who Is Known For Having A White Beard."
150,"Name Something You’d Be Surprised To Hear A Six Month Old Baby Has Already Learned How To Do."
151,"Name Something Babies And Puppies Have In Common."
152,"Name An Animal That Travels In Groups."
153,"Name Something People Might Do With A Rental Car That They Wouldn’t Do With Their Own Car."
154,"Name The Job You Wouldn’t Want To Have If You Worked At The Circus"
155,"Name Something Parents Say Is Too Short."
156,"Name A Part of A Fish That Most People Don’t Eat."
157,"Name Something Everyone Knows About The Dog “Lassie.”"
158,"Name A Popular Christmas Candy."
159,"At An Awards Show, Name Something Celebs Might Be Doing When The Camera Pans On Them."
160,"Name Something That Might Happen If You Had Bad Luck On Your Honeymoon."
161,"Name A Reason A Person Might Complain About A Cup Of Coffee That’s Served To Them."
162,"To Feel Safer At Night, Name Something You Would Go To Sleep With."
163,"Name A Computer Program Or Skill That You Wish You Were Better At."
164,"What Do You See At The Olympics That You Might Also See At A Spelling Bee."
165,"Name Someone You Wouldn’t Want To See You Nude."
166,"Name Something Parents Photograph Their Baby Doing For The First Time."
167,"Name A Winter Activity That Makes You Sweat."
168,"Name Something You Do To Try And Wake Up Your Leg After It Has Fallen Asleep."
169,"Other Than Work, Name Something You Often Find Yourself Talking To Co-Workers About."
170,"How Many Credit Cards Does The Average Person Have? (Numeric Only)"
171,"What Might A Financial Expert Tell You To Put Your Money Into?"
172,"Name The Vegetable That Tastes The Worst When it Comes From A Can."
173,"Name A Food You Find Raisins In."
174,"Name A Famous Store In New York City."
175,"Name A Job That A Clumsy Person Would Be Fired From Immediately."
176,"While Looking For A New Home, What Would You Be Surprised To Find That A House Didn’t Have?"
177,"Name Something You Expect To See In A Martial Arts Movie."
178,"Name Something That Would Keep You From Snuggling Up To Your Spouse In Bed."
179,"Name Another Word For “Courage.”"
180,"Name A Reason Why You Might Not Participate In Take-Your-Child-To-Work Day."
181,"Tell Me Something You Hate To Discover That You’re Missing A Piece From."
182,"Name Something That Might Be Ruined If It Had A Scratch On It."
183,"Name Something Sister Borrow From Their Brothers."
184,"Name Something You’d Expect To See In A Boardroom Meeting."
185,"Name A Word That Begins With “Con.”"
186,"Name A Breed Of Dog That Everyone Has Heard Of."
187,"We Asked 100 Married People: Name The Thing That Your Spouse Most Often Complains About."
188,"Besides Coughing, What’s Something You Can’t Stop Yourself From Doing?"
189,"Name Something A Craft Lover Would Have A Lot Of."
190,"Name A Place Where It’s Usually Not OK To Wear Jeans."
191,"Name An Activity You Wouldn’t Want To Do In The Rain"
192,"Name Something Teenagers Do That They’ll Kick Themselves For Later In Life."
193,"Name Something That Could Ruin A Romantic Dinner."
194,"What Worldly Topic Would You Be Surprised To Learn That Britney Spears And Jessica Simpson Talk About When They’re Alone"
195,"Name Something Teenagers Did In The 50′s."
196,"Name A Sign That Your Girlfriend Might Be Turning Into A Cat."
197,"Name A Good Place To Spend The Day When It’s Raining Outside."
198,"Name Something You Do At Least Twice In The Course Of A Long Car Ride With Family."
199,"Name A Way People Try To Stop A Bloody Nose."
200,"Name Something A Kid Passes Out To All Of His Classmates."
201,"Name A Reason Why It’s Harder To Get Out Of Bed On Some Days Than On Others."
202,"Name A Television Star Who Has Successfully Transitioned Into Feature Films."
203,"Besides Utensils, Name Something That’s Already On The Restaurant Table When You Sit Down."
204,"Name Something You’d See On The Back Of A Car."
205,"When Sitting Close To A Date, What Clue Might They Give That They Like You?"
206,"Name A Store Or Type Of Store That Sells Expensive Merchandise."
207,"Name Something Rude People Do While You’re Trying To Talk To Them On The Phone."
208,"Tell Me A Creature That You’d Hate To Hear In Your Room At Night."
209,"For Which Occasion Would You Hate To Forget To Buy A Gift?"
210,"Name Something Besides Food And Drinks That You Can Buy At Starbucks."
211,"Name A Punishment That A Misbehaving Kid Might Get At School."
212,"Name A Reason Why A Child Can’t Wait To Grow Up"
213,"Name Something That Kids Can Use In A Pool To Help Them Float."
214,"Name Something That Grows On Trees, But Isn’t Fruit."
215,"Name Something You Need In Order To Make A Garden."
216,"Name Something That Makes You Burp."
217,"Name Something That A Man Teaches His Grandson To Do."
218,"Name Something Adults Buy That Can Be Very Small Or Very Large."
219,"Name A Subject You Count On Your Partner To Give You Advice On."
220,"Name Something You Can Get From Your Parents, But You Can Change As An Adult."
221,"Name An Instrument That You’d Need To Be Really Coordinated To Play."
222,"Besides “Biographies,” Which Section Of A Bookstore Would A Memoir About Your Life Belong In?"
223,"At The Beach, Name Something That Might Protect You From Sun."
224,"What Animal Would You See At A Farm, But Never Consider Keeping For A Pet?"
225,"Name A Gift That Most Women Like To Get."
226,"Name Something That’s Often Brought Into A Pawn Shop."
227,"Name Something Hawaiians Do To Celebrate Winter"
228,"Name Something The President Might Say Is Too Long."
229,"Tell Me A Reason You Exit The Freeway."
230,"Name Something You’ll Find On The Breakfast Menu, No Matter What Kind Of Restaurant You’re At."
231,"Name Something A Movie Star’s Kid Might Get As A Birthday Present."
232,"Name A Food That It’s Hard To Keep Your Face Clean While Eating."
233,"Name A Famous Movie Monster You Might See In A Black And White Film."
234,"Name The Most Stressful Holiday."
235,"Name A State People Visit During The Winter."
236,"Name Something People Guess The Weight Or Volume Of In Order To Win A Prize."
237,"If You Wanted To Impersonate Mary Poppins, What Would You Do?"
238,"Name An Activity That Could Be Described As “Wholesome.”"
239,"Name An Animal That Children Are Excited By At The Zoo."
240,"Name Something College Roommates Might Argue About."
241,"Name A Type Of Service Person Who You Never Know How Much To Tip."
242,"If You Were Stranded On A Tropical Island, Name Something You Might Have To Eat."
243,"Who Or What Would You Not Want To Meet In The Middle Of A Hiking Trail?"
244,"Name A Pet That Makes A Good Holiday Gift"
245,"Name A Pubic Place Where You Take Off Your Shoes."
246,"Name A Sport In Which The Announcers Get As Excited As The Fans."
247,"Name A Person In Your Life Who It Would Be Unwise To Live With."
248,"What Is The Worst Thing To Forget On A Camping Trip?"
249,"Instead Of A Horse, Which Animal Is It Hard To Imagine A Cowboy Riding?"
250,"Name An Animal With Really Long Legs."
251,"Name Something People Buy, And Then Don’t Know How To Use."
252,"Name Something A Little Girl Needs To Look Like A Princess."
253,"Name A Board Game That You Wouldn’t Play If You Only Had An Hour."
254,"Besides Maple, Name A Flavor Of Syrup."
255,"Name A Celebrity Who Could Teach A High School Dance Class."
256,"Name A Chore People Do Most Often."
257,"Name Something People Do When They Want To Look Better. (Makeover Is Not An Answer, Be More Specific)"
258,"Name Something That You Have To Do Sometimes That Billionaire Has Probably Never Done."
259,"If A Husband Found Out That His Wife Had A Bad Day At Work, Name Something He Might Do To Make Her Feel Better."
260,"What Might An Actor Do To Cure Stage Fright?"
261,"If “American Idol” Had An Animal Competition, Which Animal Would Have The Best Chances?"
262,"Name A Job That Ends With The Word “Guard.”"
263,"Name A Food You May Find In Someone’s Home Garden."
264,"Name Something People Keep Near Their Favorite Easy Chair."
265,"Name something a parent criticizes their child for doing too fast"
266,"Name Something A Gardener Might Use On The Job."
267,"Name Something That People Have A Desire To Smash."
268,"Name Something You Might Cut Out Of Your Morning Routine If You Were In A Big Hurry"
269,"When Drawing A Person, Which Specific Part Is The Hardest To Draw Believably?"
270,"If You Played Superman In A Movie, Name Something Specific You’d Have To Wear."
271,"If You Went Out With Santa Claus, What Might You Do On Your First Date?"
272,"Name Something You Might Buy For A Golfer."
273,"If Or Out Of The Dentist’s Chair, Name Something The Dentist Warns Not To Do."
274,"Unlike Dogs, Name A Type Of Pet That People Don’t Count On To Guard Their House."
275,"Name A Food That You Become Very Thirsty While Eating."
276,"Instead Of Get A Job, Name Something A Person Might Do After College."
277,"Name Something An Amusement Park Has A Lot Of."
278,"Name A Legendary Creature That Would Be A Huge Hit If Featured At The Zoo."
279,"Name Something Some People Do By Hand, While Others Use A Machine."
280,"Name Something That Begins With The Word “Dirty.”"
281,"Name Something A Small Town May Lack."
282,"Name The Month When TV Networks Start Airing Reruns."
283,"Finish The Sentence: Hold Your _____."
284,"Name Something You Wear That Might Be Plaid"
285,"Name Something Every UPS Driver Should Have"
286,"Name Something Contagious That Kids Sometimes Catch, But Adults Seldom Do."
287,"Name Something You Did As A 5-Year-Old That You’d Be Embarrassed To Do Now."
288,"Name Someone Who Wears White Gloves."
289,"Name A Phrase That Starts With The Word “Prime.”"
290,"Name Biggest Event In A Teenager’s Life"
291,"Name A Modern Device That Older People Have Trouble Using"
292,"Name Someone Who Has To Wash Their Hands Frequently."
293,"Name Something Your Dog Might Do That Would Make You Think He Was Part Cat."
294,"Which Activity Would A Celeb Least Like To Be Photographed Doing?"
295,"Name Something A Mother-To-Be Might Ask Her Friends’ Advice On Before The Baby Is Born."
296,"Name A Reason A Kid Might Get Sent Home From School."
297,"Name Something You Might Do To Make Yourself Feel Cozy After Playing In The Snow All Day."
298,"Name Something You Would Wan’t To Run Over With Your Lawnmower."
299,"Name Something Models And Wrestlers Both Do."
300,"Name An Animal That’s Often Described As “Beautiful.”"
301,"What Item Do People Always Keep Inside Their Cars?"
302,"Name A Complaint A Customer Might Have About A Bar They’re At."
303,"Other Than Swimsuits, Name Something People Wear To The Beach."
304,"We Asked 100 Wives: If Your Husband Were The Incredible Hulk, Tell Me What Would Turn Him Into A Monster."
305,"Name Something People Remove From Their Lawn."
306,"Name something you associate with Mickey Mouse"
307,"Name A Company That Uses An Animal In Its Logo."
308,"Name The Heaviest Item You Buy At The Supermarket."
309,"What Should A Spy Avoid Wearing, If He Doesn’t Want To Be Identified By His Profession?"
310,"If You Were Filling In For Santa, Name Something You’d Have To Learn How To Do."
311,"Name A Famous Cartoon Animal That You Wouldn’t Want In Your House If It Was Real."
312,"Name A Place That You Need An ID To Enter."
313,"Name an animal whose head you might see on the wall of a hunter’s den"
314,"Name something tourists see while visiting Italy."
315,"Name something you might do if you heard a burglar in your house."
316,"Name a place in your house that you don’t bother decorating."
317,"Name a kind of boat that doesn’t have an engine."
318,"Name something women do to their hair."
319,"Name a U.S. city that begins with the letter “B”."
320,"Name a specific food that doctors tell patients to cut down on."
321,"Tell me a piece of information that your neighbors are more likely to know about you than your coworkers are."
322,"Name something you associate with Elmer Fudd."
323,"Name something associated with Jiminy Cricket."
324,"Name a New Year’s TV host."
325,"Other than your family members,from whom would you accept criticism?"
326,"In a Secret Santa exchange,what “gifts” might you get from an office thief?"
327,"Name a place where it would be rude to laugh."
328,"Name a characteristic of a pub that you wouldn’t want for your home."
329,"What do you do when having a bad hair day?"
330,"Name someone who has/had many followers."
331,"Name something you do when looking in the mirror that you’d hate to be caught doing if it was a 2-way mirror."
332,"Name something your wife asks you to do that your Mom also asks you to do."
333,"Name an animal that you wouldn’t want to escape from the zoo."
334,"Name a profession that would be most difficult to perform while 8 months pregnant."
335,"Name something many people learned to do from their Dad."
336,"Name a piece of protective gear that only a real klutz would consider wearing while walking."
337,"Name a fruit that people drink juice from in the morning."
338,"Name something a girl would need if she wanted to impersonate an elderly woman."
339,"Name a prop you may hold in an “Olde Time” photograph at the fair."
340,"Besides clothes,name something the 50 Foot Woman might have trouble finding in her size."
341,"If your body aches,tell me what a possible cause might be."
342,"Name something that starts with the word “Instant”."
343,"Name something you see in every Star Wars movie."
344,"Name a specific place where you hated to run into a school bully."
345,"Name a dangerous hobby you wouldn’t want your partner to have."
346,"Name a dangerous hobby you wouldn’t want your partner to have."
347,"Name something you’d put on your table when having a dinner party."
348,"How can you tell that a dog is still a puppy?"
349,"Name something that many women wish their husbands could talk about."
350,"Name a type of business that does best during the summer."
351,"Name something that gets thrown."
352,"Name something you’d need if you were going to be a private eye."
353,"Name a job you’d have a hard time doing if you couldn’t type well."
354,"Name a common potato chip flavor."
355,"Tell me something many wives encourage their husbands to do as they get older."
356,"Name an animal that weighs a lot."
357,"If someone hates to cook,name a dinner that they probably eat often."
358,"Name something that even adults hate to share."
359,"What might a wash machine do that would make you get rid of it?"
360,"Name something you do at an office holiday party."
361,"Name someone in your life who you hope never writes a tell-all book."
362,"Name something people brag about."
363,"Name something that a woman might wear in bright colors."
364,"Other than actor,name an occupation you’d fail at if you had stage fright."
365,"Name someone Dorothy met in the Land of Oz."
366,"Name something that might be hard to do while pregnant."
367,"Name something about her infant son that a new mother talks about often."
368,"Tell Me The Age When A Girl Should Be Allowed To Start Dating. (Numaric Only)"
369,"Tell Me The Age That A Girl Stops Telling Her Parents Everything (Numeric Only)."
370,"Tell Me How Many Days It Takes A Man To Grow A Beard. (Numeric Only)"
371,"Name A Phrase That Starts With “Life Is…”."
372,"Name Something You Hope That The People You’re Housesitting For Have In Their Home."
373,"What Might You See Out Your Airplane Window?"
374,"What Might You Find Out About A House That Would Make You Back Out Of Buying It?"
375,"Name Something Associated With Fabio."
376,"Name Something That Kids Play In But An Adult Would Not."
377,"Name A Specific Item In Your House That’s Too Big To Throw Away In The Trash Can"
378,"According To Commercials, What Product Should A Man Buy In Order To Have Women Flock To Him?"
379,"Name A Comic Strip You See In Almost Every Newspaper."
380,"Name Something People Do To Cure An Aching Back."
381,"Name An Animal That Could Probably Beat Carl Lewis In A Race"
382,"Tell Me Something You Watch For Out Of Your Plane Window"
383,"Name Something In Your Kitchen That You’d Use As A Musical Instrument."
384,"Name A Beverage Served At Fancy Restaurants. (Alcohol Is Not An Answer, Be More Specific)"
385,"What Might An Overboard Soccer Mom Do At A Game That Causes Her To Be Thrown Out?"
386,"Name A Child Star Who’s Still Famous Today."
387,"Name A Part Of Grooming That You’d Spend More Time On Before A Big Date."
388,"Name Someplace People Go To Help Them Think."
389,"Name something a ballet dancer has that most people do not."
390,"Name Something Specific You Might Borrow From Your Coworker’s Desk That You’re Least Likely To Return"
391,"What’s The First Thing New Parents Buy After Finding Out They’re Having A Baby?"
392,"Name Something People Need Change In Order To Pay For."
393,"Name Something Couples Do Months In Advance To Prepare For Having A Baby."
394,"Name A Christmas Movie People Are Tired Of."
395,"If Which Profession Do You Often Find People With Wacky Hair?"
396,"If You Went Back In Time 10,000 Years, Name A Luxury Item You’d Probably Miss."
397,"Name A Place You Wait Where It Could Be Awkward To Make Too Much Small Talk With Others"
398,"Why Might Someone Refuse To Use A Swimming Pool?"
399,"Name A Really Long Movie"
400,"Besides Pants, Name An Article Of Clothing That Might Be Made Out Of Denim."
401,"What’s The First Symptom You Get When Starting A Cold?"
402,"At The Grocery Store, Name Something A Kid Is Told Not To Do."
403,"Which Talk Show Host Would You Like To Have Interview You?"
404,"Name Something You Wouldn’t Want To Happen When You’re In The Bathtub"
405,"Name A Measurement A Man Probably Doesn’t Know About His Wife’s Body."
406,"Name A Kind Of Cat You Probably Wouldn’t Keep As A Pet"
407,"Name Something Specific You’d Probably See On A Brochure For Las Vegas."
408,"Name Something You Keep In An Ice Chest. (Food Is Not An Answer, Be More Specific)"
409,"Name Something About Winnie The Pooh That Is Different From Real Bears."
410,"Name Something You Were Afraid To Do For The First Time."
411,"Besides Jewelry, Name Something A Person Might Wear Around Their Neck."
412,"How Can You Tell That Your Date Isn’t Interested In The Movie?"
413,"Who In Your Personal Life Would You Least Expect To Swindle You?"
414,"Name A Musical Instrument That Is Soothing."
415,"Name Something You’d Buy If You Wanted To Dress Up Like Fidel Castro"
416,"Name Something Specific You Might Wear To Bed If You’re Really Cold"
417,"Name A Design You Often See On Socks, But Not On Sneakers"
418,"If A Woman Was To Marry Tarzan, Name Something She Would Have To Get Used To"
419,"Which Sport At The Olympics Would The Average Person Off The Street Be Most Competitive At?"
420,"Name Something A Truck Driver Might Have To Go Without For A While."
421,"If Your Local Gym Was Run By 5-Year-Olds, What Classes Would You Take Instead Of Pilates?"
422,"Name Something An Employee Might Be Scolded About That Isn’t Directly Related To Job Performance."
423,"Name A Weather Term That Can Also Describe Your Wife."
424,"By What Method Might A Woman Make The Announcement That She’s Pregnant?"
425,"Who Wears A Uniform With Shirt And Pants Of The Same Color?"
426,"Name Something You Eat By The Handful. (Be Specific Candy Is Not An Answer.)"
427,"We Asked 100 Women: Name The Item In Your Purse That A Germophobe Would Say Needs To Be Disinfected"
428,"Name Something About Babies That Makes You Think Twice About Becoming A Parent."
429,"Name A Person Who’s Last Name Is “Johnson.”"
430,"Name A Household Chore That You Do Your Best Thinking While Doing"
431,"Name Something You Do At Home, But Not While Staying In A Hotel."
432,"Name A Way Children Submit Their Wishlists To Santa."
433,"Name a good gift for a lifeguard."
434,"Name Something In The House That You Might Not Use When People Are Trying To Sleep."
435,"Tell Me A Fictional Character Whose Name Includes The World “Little.”"
436,"Name A Type Of Pet That People Rarely Take Out Of Their House."
437,"Grey Hair On Older Men Is Distinguished. What Happens To Aging Men That Isn’t Distinguished?"
438,"Name Something A Celebrity Might Discuss On A Talk Show"
439,"As A House Guest, Name Something In The Host’s Bathroom That You Assume You Can Use"
440,"Name Something You Make For Dinner When You’re Short On Time."
441,"Name Something A School Might Forbid Students From Wearing."
442,"Something In A Woman’s Purse That’s Not In A Man’s Wallet."
443,"Name A Job, Often Depicted On TV, That You’ve Dreamt Of Having Yourself."
444,"Give A Word Frankenstein Would Use To Describe Himself In A Personal Ad."
445,"Name A Word People Use To Describe Someone Who’s In A Bad Mood"
446,"Name a reason a husband might send his wife flowers."
447,"Name Something That’s Expensive Even When It’s In Used Condition."
448,"Name An Occupation Where You Often See People With Stiff, Hairsprayed Hair."
449,"Besides Photos, Name Something Someone Would Include In Their Scrapbook."
450,"Name An Occasion For Which People Often End Up Overspending"
451,"Name An Advantage Of Working At Home."
452,"Name Something A Kid Might Do That Would Get Them Kicked Out Of A Public Swimming Pool"
453,"Name Something A Zombie Might See A Doctor About"
454,"Tell Me Something That Responsible Adults Do On A Regular Basis"
455,"Which Style of Music Would Be Least Effective To Sing When Putting Your Baby To Sleep?"
456,"Name A Position Played In Baseball Game."
457,"Name A Job Which Is Busiest In The Summer Time"
458,"Name Something A Pirate Has To Take Off Before He Goes To Bed"
459,"Name something you don’t want to have happen during a moment of silence."
460,"Name Something You Do To Keep Yourself From Laughing."
461,"Name A Job Where You Might Have Your Name On The Front Of Your Shirt."
462,"Name something you might see at a bus stop."
463,"Besides Spaghetti, Name A Type Of Pasta."
464,"Name Something You Use In The Bathtub, that You’d Look Silly Bringing Into A Jacuzzi"
465,"If A Movie Was Really Terrible, Name Something You Might Do In The Theater To Pass The Time."
466,"Name Something You Can’t Do Until You’re A Certain Age."
467,"Name Something Cowboys Are Good At."
468,"Name Something Associated With The Wizard Of Oz."
469,"Name A Reason A Casino Dealer Might Complain About Someone At Their Table"
470,"Tell Me A Girl’s Name That Begins With “S.”"
471,"Name Something You Might Do If Your Friend Got Bitten By A Snake"
472,"Name An Occupation Where You Work In A Studio."
473,"Besides chicken,name something you associate with Kentucky Fried Chicken."
474,"Name Something A Person Might Read Everyday"
475,"Name Something Parents Think Their Teenage Son Spends Too Much Time Doing."
476,"Name Something You Might Find Under A Rock."
477,"What Might You Find Inside A Book That Tells You It Was Meant For Children?"
478,"Name Something Every Professional Boxer Needs."
479,"Name Something Tarzan Might Do That Could Get Him Thrown Out Of A Nice Restaurant"
480,"Besides Lights, Name Something In Your House That Wouldn’t Work If The Electricity Went Out."
481,"Name A Nickname For A Skinny Person"
482,"Name Something A Grown Man Might Be Embarrassed To Admit That He Collects."
483,"Tell Me A Place Where It’s Easy To Make Friends."
484,"Name Something People Wear To Protect Themselves."
485,"Name A Way You Can Tell That Someone Was Just At The Beach"
486,"Name A Reason A Person Might Wear Their Pajamas Outside."
487,"Name A Sauce You Wouldn’t Put On Ice Cream."
488,"Name A Famous Character Who Is Never Seen Without His Mask."
489,"Name Something You’d Be Turned Off To Hear Your Date Bragging About."
490,"Name A Sign That A Tornado Is Coming."
491,"In a large family,what often gets mixed up with that of your siblings?"
492,"Name Something Specific That Doesn’t Get Cleaned Between Flights On An Airplane"
493,"Name Something Men In Fairy Tales Fight Against, That Real Men Don’t"
494,"Name Something Associated With Donald Trump."
495,"Name The Worst Part About The Lavatories On Planes"
496,"Name Something You Might Be Asked To Do At The Doctor’s Office"
497,"Name An Occasion That A Man Might Propose To His Girlfriend"
498,"Name A Card Game That Takes A Long Time To Play."
499,"Name Something A Person Uses To Wipe Their Mouth With."
500,"Tell Me A Street Name Found In Almost Every Big City."
501,"Name Something A Baseball Player Might Be Holding During A Game."
502,"Name A Color You See A Lot Of In Mobster Movies"
503,"Name Something People Dig Up."
504,"Name Something That’s Taught In The First Grade."
505,"Name Someone Whose Phone Calls You Try To Avoid."
506,"Tell Me How Many Items They Allow In Most Supermarket Express Lines. (Numeric Only)"
507,"Name A Grown-Up Activity Kids Do When They’re Playing Pretend"
508,"Name Someplace You Might Hear An Echo"
509,"Besides A Camera, What Should You Pack For A Trip To The Rainforest?"
510,"Name Something You’d Never Wear To Work Out At The Gym."
511,"Name An Act Of High School Rebellion That You Can’t Imagine A Kindergartener Doing."
512,"Name Something Both Men And Women Use To Keep Their Hair In Place."
513,"Name A Way You Know You’ve Arrived In New York City"
514,"Name A Reason You Might Suspect You’re Becoming A Martian."
515,"Name Something People Usually Keep From High School"
516,"Name A Sound You Hear A Lot Of In A High School Hallway"
517,"Name Something You Expect To See Inside Every Hotel Room"
518,"What Might You Hear In A Weather Forecast That Would Keep You From Going Outside?"
519,"Name The Best Place To Be On A Winter Night"
520,"Name A Woman In A Man’s Life Who His Wife Might Not Get Along With."
521,"If You Were Friends With Nancy Drew, What Might You Buy For Her Birthday?"
522,"Name A Profession Where An Engaged Woman Might Remove Her Extravagant Ring Before Work."
523,"Name A Specific Smell From A Diner In The Morning That Makes You Want To Go In"
524,"Name Something Noah Might Have Worried About During His Voyage On The Ark."
525,"Name Something In Your House You Could Not Live Without"
526,"Name An Activity That Involves A Paddle"
527,"Name Another Word For Kiss"
528,"Name A Household Appliance You Would Actually Enjoy Receiving As A Gift."
529,"Name Something You Keep In Your Pocket Or Purse “Just In Case.”"
530,"Name Something In A Woman’s Purse That She Might Lend Out And Not Get Back."
531,"Which Of Your Usual Bills Increase Over The Holidays?"
532,"What Might You See In A Personals Ad That Would Make You Think It Was Placed By Superman?"
533,"Name A Vehicle That Has A Loud Engine"
534,"Name An Accessory That Some People Want In A Designer Brand."
535,"Name Something That Little Girls Do When They Get Together"
536,"Name A Sauce You Put On Meat."
537,"Name An Expression With The Word “Kick” In It"
538,"Name The Magazine Cover You’d Most Like To Appear On"
539,"Name Something That Plugs Into Your Computer."
540,"Name Santa’s Biggest Problem"
541,"What Might You Find Out About A Man That Would Make You Think He Wasn’t Ready To Commit?"
542,"Name Something You Wish For While Waiting For The Doctor In An Exam Room"
543,"Name Something That A Person Might Change Many Times Throughout Their Life."
544,"Other Than Clothing Store, Name A Type Of Business You Find In A Mall"
545,"Name Something That Would Be Hard To Steal From A Hotel Room"
546,"Name A Profession Where You Get To Wear Boots All Day"
547,"If You Were In An Eating Contest, Tell Me The Food That Would Be Hardest To Eat Without Breaks For Water."
548,"Name Something A Person Does To Warm Up Their Hands."
549,"Name A Type Of Sandwich You’d Expect To See In New York City."
550,"Name A Toy That Might Be Operated By Remote Control."
551,"Name A Sport That Takes Place In The Water."
552,"Name An Occasion Where Parents Force Their Child To Wear A Certain Outfit."
553,"Name Something From The Ocean That You’d Never Find On A Restaurant Menu"
554,"Name Something You’d Find On A Cruise Ship, But Not On A Regular Boat"
555,"Name Something That You Don’t Want Your Dog To Chew On Over The Holidays"
556,"Name A Job In Which You Need To Dress Well In Order To Succeed."
557,"Name Something That Changes Every Year For A Kid In Elementary School"
558,"Name Something Dogs Get More Excited About Than Humans Do."
559,"Tell Me A Man’s Name That Starts With The Letter “T.”"
560,"Name Something People Do When They’ve Lost Their Temper"
561,"Tell Me Something In A Teenager’s Room That They Wouldn’t Want Touched"
562,"In The Bible, Name A Creature Noah Would Have Had The Hardest Time Capturing Two Of For His Ark."
563,"What Might A Mail Carrier Keep On Hand To Deal With Unfriendly Dogs?"
564,"Name An Actor Who Looks Better Bald"
565,"Name Something That’s More Important To A Teenager Than To An Adult."
566,"Name Someplace A Child Goes That Might Be Traumatic The First Time"
567,"Name An Actor Who Often Plays A “Bad Guy”."
568,"Name A Reason Why You Wouldn’t Have Cake On Your Birthday."
569,"Name Something People Do With Their Index Fingers"
570,"Name A Book You Carry Around To Impress Someone Else."
571,"Name Something A Teen Might Cover Up So Her Parents Don’t See It."
572,"Name Something A Housekeeper Should Not Open"
573,"Name Something People Associate With An Undertaker."
574,"Who Do Many Celebrities Thank After A Win At An Awards Show?"
575,"Name Something Kids Like To Throw At Each Other."
576,"Name Something A College Student Might Hide Before His Parents Came To Visit"
577,"How Can You Tell One Car Apart From Another Of The Same Model And Year?"
578,"Name Someone Whose Orders Should Be Followed."
579,"What Would You Hate To Live Next To, Because The Noise Would Prevent You From Sleeping?"
580,"If You Go To Sleep With The Windows Open, Name A Sound That Might Wake You Up."
581,"If There Is A Doggy Heaven, Name Something It Probably Has A Lot Of."
582,"Name Something Found On The Bottom Of A Shoe."
583,"Name Something You Wonder About An Ex Whom You Haven’t Spoken?"
584,"Name Something From Childhood That Many People Save."
585,"Name A Character That Shows Up In Every Church Christmas Play"
586,"Name Something A Student Has To Do When Running For Class President"
587,"Name A Famous Doctor (Real Or Imaginary, Living Or Dead) You Would Not Want To Operate On You."
588,"When It Gets Chilly Outside, But You Don’t Want To Turn On The Heat, What Do You Do?"
589,"Name Something A Professional Baseball Player Might Have A Nightmare About."
590,"Name Something You’d Hate For Your Doctor To Forget Before Operating On You"
591,"Name Something About Hulk Hogan’s Appearance That Is Traditionally Female."
592,"Name Something That Might Hurt After You Attend A Rock Concert."
593,"Name Something People Do With Both Hands."
594,"Name Something You’d Be Nervous To Do As An Actress For Fear That You’d Wind Up On A Tabloid."
595,"Name Something That People Are Bound To Do In Las Vegas"
596,"Name An Ingredient In A Casserole."
597,"Name Something People Do In An Engagement Photo, That They Don’t Do In A Mug Shot."
598,"Name Something A Teenager Has A Lot Of."
599,"Name Something You Might Hook Up To Your TV."
600,"Name Something Associated With The Cartoon Show “The Jetsons.”"
601,"Name Something You Hate To Find When You Open Your Freezer"
602,"Name A Type Of Makeup That Most Women Don’t Wear On A Regular Basis."
603,"Name Something Of Yours That You Might Someday Change Its Color."
604,"Name Something You Try To Avoid Getting Sand In While At The Beach"
605,"Name Something A Country Western Singer Sings About, That A Rapper Wouldn’t."
606,"Name Something You Associate With Elvis Presley."
607,"Name Something On A Baby That Might Be Described As “Chubby”."
608,"Which Olympic Sport Would A Cow Look Most Funny Participating In?"
609,"Name Something Secretaries Might Be Embarrassed To Say They Don’t Know How To Do."
610,"Tell Me A Way You Warm Up Your Hands When They’re Cold."
611,"Name A Job Many Husbands Pretend They Don’t Know How To Do, Just To Get Out Of Doing It."
612,"Name Something People Hate To Find On Their Windshield."
613,"Name A Type Of Gymnastic Move Almost Every Kid Knows How To Do."
614,"Name A Sign That You Might Be Turning Into A Dog."
615,"Name A Type Of Business That You Can Smell Before You See It."
616,"Name Something That Gets Delivered."
617,"Name Something That Is Known For Producing A Lot Of Offspring."
618,"Name Something A Married Couple Saves From Their Wedding Day."
619,"Name Something You Need In Order To Be Happy"
620,"Name A Present Most Boys Would Want For The Holidays"
621,"Name An Animal That Has Rough Skin."
622,"Name Something People Do With A Deck Of Cards"
623,"Name Something A Child Might Cry Over Losing."
624,"Name Something People Say They’ll Have Time To Do Once They’ve Retired"
625,"Name Something People Lie About In An Internet Chatroom."
626,"Name An Animal In A Pet Store That Probably Wouldn’t Attack Someone."
627,"If You Could Be A Rockstar For One Night, What’s The First Thing You’d Want To Do?"
628,"What Might A Teenager Do That Causes Their Parents To Forbid Them From Using The Family Car?"
629,"What Would Be The Best Thing About Having An Actress For A Mother?"
630,"Name A Cliche People Say About Beauty?"
631,"Name Something Celebrities Do When Their Children Are Born That Most Of Us Don’t Do."
632,"Tell Me Something Your Spouse Does That Makes You Suspect They’re Angry At You."
633,"Name Something You Might Bite, But Wouldn’t Eat."
634,"Name An Activity Kids Do At Day Camp."
635,"Name An Animal That’s Known For Eating Garbage"
636,"Name Someone, Real Or Fictional, Who Is Known For Being Tall."
637,"Name A Reason You Might Take Your Child Out Of A Movie."
638,"What Kinds Of Things Might People Lie About At Their High School Reunions?"
639,"Name An Item You Might See In A Movie Star’s Home That Wouldn’t Be In Yours"
640,"Name Something You Buy To Save Money In The Long Run."
641,"Name A Place Where You Might See Lots Of Minivans In The Parking Lot."
642,"Name Something Specific That Can Smell Like Cinnamon (More Specific Than “Sweets.”)"
643,"Which Extra Piece Of Clothing Might Wear To A Game Of Strip Poker To Delay Taking Off Your Essentials?"
644,"Name Something People Think Rich Folks Do All Day Instead Of Working."
645,"Name A Type Of Footwear That Doesn’t Have Laces."
646,"Name A Piece Of Information That Post People List In Their Personal’s Ads."
647,"Name A Holiday Song With A Fictional Character."
648,"What Brand Of Candy Bar Would Make For An Unflattering Nickname?"
649,"Name An Instance When A Parent Might Try To Distract A Child"
650,"Name A Word Or Short Phrase That Begins With The Word “High.”"
651,"Name A Piece Of Equipment That Was Once Considered Modern Technology, But Few People Even Own Anymore"
652,"If There Were Prizes For Good Boyfriends, What Categories Would They Be Rated On?"
653,"Name Something That Needs To Be Fed."
654,"Name An Animal That Would Be An Appropriate Mascot For A Team Of Marathon Runners"
655,"Tell Me A Food That Has “Hot” In Its Name"
656,"Name A Place Of Business That You Would Not Return To After Only One Bad Customer Service Experience."
657,"Name Something That People Go Through A Lot Of Obstacles In Order To Get"
658,"What Christmas “Gift” Can You Give Someone, Without Going Shopping?"
659,"Name A Type Of Magazine That You’d Be Surprised To See A Supermodel Browsing Through"
660,"Name Something People Shouldn’t Leave Inside Their Parked Car."
661,"Name Someone Who You Wish Didn’t Have Your Address."
662,"Finish This Sentence: I’d Never Stay In A Hotel That Didn’t Have _____."
663,"Where Do Many People Go To Get Advice On Love?"
664,"Name Something A Cowboy Wears That’s Made Of Leather."
665,"Name A Brand Of Car That’s Made In America."
666,"Name Something You Might Find In The Godfather’s Basement."
667,"Name Something Associated With David Letterman"
668,"Name An Occupation You’d Be Surprised To Find A Criminal Had As Their Day Job"
669,"Which Type Of Professional Would You Least Like To Get Into An Argument With, Because You’d Never Win?"
670,"Name A Drink That Tastes Disgusting When It’s Warm."
671,"Name A Beverage You Might Drink At A Typical Holiday Party"
672,"Name Something A Kid Might Do That Would Make You Tell Them They’re Turning Into A Squirrel."
673,"Name A Reason Why Someone’s Voice Might Sound Funny."
674,"Name An Animal With A Long Tail."
675,"Name Something A Kid’s Moustache Is Often Made Of"
676,"Name Something You See A Lot Of In The Summer."
677,"Name A Popular Elvis Presley Movie"
678,"Name Something You Might Have To Wait For A While On An Airplane?"
679,"We Asked 100 Married People: What Do You Do With Your Spouse That Reminds You Why You Fell In Love?"
680,"What Would A Pirate Need To Do In Order To Look Presentable For A Job Interview?"
681,"Name A Part Of The Body Where People Sprinkle Powder."
682,"Name Something You Squeeze Before You Buy It"
683,"Name Your Favorite Type Of Girl Scout Cookie"
684,"Name A Room In The House People Like To Read"
685,"Name A Place Where Kids Go After School"
686,"Name A Way You Might Know Your Neighbors Are On Vacation"
687,"Name A Flower That Comes In Different Colors"
688,"Name Something For Which A Mermaid May Be Jealous Of Barbie."
689,"Name A Food Served With Melted Butter On It. (Vegetables Is Not An Answer, Be More Specific)"
690,"When You Have A Headache, Name Something It Hurts To Do."
691,"Name Something A Nervous Skydiver Might Do To Distract Himself Before A Jump."
692,"Name A Word That They Use At A Sporting Event That’s Also Used On Family Fued?"
693,"ame A Reason Why You Might Be Nervous While Driving."
694,"Tell Me A Way That A Babysitter Knows The Parents Are Nervous About Leaving."
695,"Besides A Ring, Name Something Specific A Girl Might Give Back To Her Boyfriend When She Dumps Him."
696,"Name A Popular Children’s Food That’s Sold In Cups"
697,"Other Than An Airplane, What Might A Cartoon Character Use To Help Them Fly?"
698,"Name One Of The Gifts From The Song “The Twelve Days Of Christmas”"
699,"Name Something You Do At The Library."
700,"Besides Clothes, Name Something People Pack In Their Suitcase When Traveling."
701,"Name Something A Rockstar’s Dressing Room Is Probably Full Of."
702,"What Type Of Product Has Commercials That Make You Want What They’re Selling?"
703,"Name Something Shampoo Commercials Claim Their Shampoo Does For Hair."
704,"Name An Item You’d Expect To Find In A Bathroom Cabinet."
705,"Name Another Stringed Instrument That A Guitarist Would Probably Be Good At Right Away"
706,"Name Something That A Guy From Memphis Is Probably Better At Than A Guy From New York City."
707,"Name A Type Of Band."
708,"Name Something Most People Try At Least Once In Their Life."
709,"If A Restaurant Was Going Bankrupt, Name Something They Might Stop Giving Away Free."
710,"If Superman Got Old Like The Rest Of Us, Name A Sign That It Might Be Time For Him To Retire"
711,"Name Something Kids Play On In A City Park"
712,"Name A City In The U.S. That People Visit For The Holidays"
713,"Name An Appliance You Avoid Using When People Are Sleeping"
714,"Name Something That Gets Delivered To Your Door."
715,"Name A Term Or Phrase With The Word “Control” In It."
716,"Name Something A Mobster Might Have A Tattoo Of."
717,"Name Something Most People Bring With Them When They Go To Work"
718,"What Animals Might You See If You Go On An African Safari?"
719,"Name A Holiday You Might BBQ On."
720,"Name A Dangerous Hobby You Wouldn’t Want Your Partner To Have"
721,"Besides Coke, Name Another Kind Of Soda."
722,"Tell Me A Place Where You Feel The Need To Get Up And Stretch Your Legs."
723,"Name Something People Mean To Do In Their Spare Time, But End Up Watching TV Instead."
724,"Name Something That Might Really Annoy Santa When He Comes To Your House."
725,"Name Something People Daydream About"
726,"Tell Me A Holiday You Can Live Without"
727,"Name Some Reasons Why Teenagers Want To Get Older?"
728,"Name A Phrase On Signs That Starts With The Word “No."
729,"Name Something Associated With The Movie “The Sound Of Music.”"
730,"Tell Me A Profession That Works Long Hours."
731,"Name Something You’d Find At The Center Of Fancy Chocolates."
732,"Name A Specific Food That You Could Still Eat If You Lost All Your Teeth"
733,"Name A Product People Use On Their Hair"
734,"Besides On Top Of A Flag Pole, Where Else Would You See The American Flag?"
735,"Name A Job Where You Could Claim Disability If You Lost Your Voice."
736,"Name A Sound That Causes Dogs To Bark"
737,"Name A Specific Place Where Parents Go To Get Away From The Kids For A While"
738,"What Kinds Of Clothes And Accessories Would You Find In The Closet Of A Truck Driver?"
739,"Name Something Some Kids Need To Have In Order To Sleep."
740,"Name Something Specific You’d Wear If You Wanted To Impersonate A Woman"
741,"Who Would You Call First If Your Car Broke Down On The Side Of The Road?"
742,"Name Someone Who Owes You A Big Apology."
743,"Name Something That Might Break A Couple Up If They Disagreed About It"
744,"Name A Way A Student Finds Out It Is A Snow Day."
745,"Name Something A Child Might Have At Their 6th Birthday Party, But Not At Their 16th Birthday."
746,"In Movie Endings, Name A Place The Main Character Goes To Catch Her Crush Before It’s Too Late."
747,"Instead Of A Dollar, What Might A Pirate’s Kid Find Under Her Pillow When She Loses A Tooth?"
748,"Name A Place That, Once You Enter, It’s Hard To Leave"
749,"Name The Best Place For Single People To Find Each Other."
750,"Name A Fruit You Might Find In A Pastry."
751,"Name A Food That Can be Eaten Directly From Its Container."
752,"Name A Movie Theater Food That Gets Stuck In Your Teeth. Be Specific!"
753,"Name Something You’d Find In A Hearty Stew."
754,"While Driving, Name Something You Have To Keep An Eye On"
755,"Name Something You Might See Next To The Cash Register At A Restaurant"
756,"What Food Should A Movie Star Avoid Eating Before Doing A Love Scene?"
757,"Name A Type Of Item That Might Be Sold Fake By A Street Vendor"
758,"Name A Canned Food That You’d Never Eat Directly From The Can"
759,"If There Was An Airline Called No Frills Air, Name Something They Might Not Offer Passengers."
760,"On Thanksgiving, Name Something Snooki Might Say She’s Thankful For."
761,"Name Something People Do When They’ve Lost A Pet."
762,"Besides Skiing, Name Something People Enjoy Doing At A Ski Resort"
763,"Name Something A Teen Can Do For Longer Amounts Of Time Than Their Parents."
764,"Name Something You Would Find In A Weather Forecaster’s Closet."
765,"Name Someone You Might Call If You Thought Your House Was Haunted."
766,"What Might You Encounter On The Freeway That Would Make You Pull Off For A While"
767,"Name Something You Dreaded Talking To Your Parents About As A Teen, And Still Do?"
768,"Name Something That Has The Word “Pop” In It."
769,"Name Something People Know About Paul Newman."
770,"Name Someone Kids Write Letters To."
771,"Name Something You Really Only Need One Of, But Most Households Have More"
772,"Besides The Ball, Name Something You Need To Play Soccer."
773,"Name Something A Man Might Do If He Nicks Himself While Shaving."
774,"Name A Cereal That Is Often Use In The Making Of Holiday Treats"
775,"Tell Me A Critter You’d Only Eat If You Were Stranded In The Woods For Weeks?"
776,"Name A Job You’d Accept Just To Get Access To The “Company Car.”"
777,"Name Something A Car Can’t Run Without"
778,"Name Something Specific That Is Sold By The Bunch."
779,"Name Something You’d See If You Were Trapped In A Dungeon"
780,"Name Something Men Do In The Bathroom That Really Ticks Women Off."
781,"Name Something Associated With Princess Leia."
782,"Name Something That Kids And Some Adults Both Collect"
783,"Name Something Associated With E.T."
784,"Name Something A Celeb Has To Do Before An Awards Ceremony Starts"
785,"Name The Worst Place You Could Have A Sneezing Fit."
786,"Name A Place People Have A Holiday Dinner."
787,"Name Something You’d Hate To Land In After Skydiving."
788,"Name Something That Might Make You Throw Up."
789,"Name Something That You Would Buy At A Bakery For Christmas."
790,"Name Something Moms Tell Their Children Not To Climb On."
791,"Name A Unit Of Currency That’s Used In A Foreign Country"
792,"Tell Me Something That Every Country Singer Needs."
793,"Name Something You Can Buy At A Western Store You Probably Can’t Buy In A Regular Clothes Store."
794,"If You Were Looking To Get Thrown Out Of Army Boot Camp, Name Something Specific You Might Refuse To Do."
795,"Where Do Many Kids Think That Babies Come From?"
796,"Name A Shade Of Blue (Light And Dark Are Not Answers)"
797,"Name Something Kids Love To Ride On."
798,"Name Something Associated With John Travolta."
799,"Name Something That Is Different About Writing A Research Paper On A Computer Than On A Typewriter."
800,"Name Something That Gets Stripped."
801,"Name A Circus Animal That Looks Better In Costume Than It Does Naturally."
802,"Name Something People Trade"
803,"Name Something You Might See In A Bathtub"
804,"Besides Sleep, Name Something You’d Rather Do With The Time You Spend Commuting To And From Work"
805,"Name An Activity That You Wear Comfortable Shoes For."
806,"Name Something You Might Accidentally Leave In A Department Store Fitting Room."
807,"Name Something You Dread Having Done While At Your Dentist Appointment"
808,"Name A Term That Uses The Word “Shot.”"
809,"Name Something An Impatient Person Might Do While Waiting In Line"
810,"Name A Way A Kid Might Get Around Town"
811,"Name An Activity You’d Never Do Without Wearing A Helmet"
812,"Name Something You May Not Be Good At The First Time You Do It."
813,"Name Something People Do In Hawaii That They Don’t Do In Alaska In The Winter"
814,"Name An Animal With A Fluffy Tail."
815,"If Santa’s Reindeer Couldn’t Fly On Christmas Eve, What Mode Of Transportation Might He Use Instead?"
816,"Name A Fairy Tale Character Whose Name Would Cause Her To Stand Out In The Real World."
817,"Name Something That Annoys You When You Ride The Bus"
818,"Name Something Puppets Are Unable To Do On Their Own"
819,"What Are Some Milestones That A Baby Reaches In Their First Year?"
820,"Name Something That Gets In Your Eye And Irritates It."
821,"Name Something You Can’t Wear To Work At An Office Job."
822,"Name Something That Your Boyfriend Does That Makes You Question Why You’re Still With Him."
823,"Name Something Grandma Might Knit For You As A Gift"
824,"If You Were Turned Into A Dolphin, Name Something You’d Have To Learn How To Do."
825,"Name A Popular Air Freshener Scent"
826,"Tell Me A Place Where You Often Have To Pay For Parking."
827,"Name A Sea Creature You’d Hate To Run Into While Scuba Diving."
828,"Name A Specific Way People Might Enter A Swimming Pool"
829,"Name A Reason Why Someone Might Be Able To Retire At 40."
830,"Name Something A Really Smart Kid Probably Spends His Summer Doing."
831,"Name A Rule A Parent Might Have For When Their Child Goes Swimming"
832,"Name Something That Might Be Added To A Rockstar’s Tour Bus That You Wouldn’t Find On A City Bus"
833,"Name Something You Would Rent, But Probably Not Buy."
834,"Once A Baby Can Crawl, Name Something You Make Sure Is Baby-Proofed In Your House"
835,"Name A Place Where A Couple Should Never Fight."
836,"Name Something That Causes You To Have An Upset Stomach."
837,"Name Another Word For Lying That Makes It Sound More Innocent"
838,"Name A Place Where You Would Not Want To Get Into An Argument With Your Partner."
839,"Name An Animal Mentioned In The Song “12 Days Of Christmas”."
840,"Complete This Sentence. I Could Never Date Someone Who ___s Too Much."
841,"Name Something People Do While They’re Gambling."
842,"Name Something A Kid Might Not Be Allowed To Go In A Swimming Pool Without"
843,"What Do People Wear To Work Now That Would Have Been Considered Too Informal 50 Years Ago?"
844,"Name Something In A Hotel Room That’s Smaller Than Usual"
845,"Name Something That You Need Silence In Order To Do."
846,"Name Something People Do After They’ve Eaten Too Much."
847,"Name Something People Might Have To Do At Traffic School."
848,"Name Something A Person Might Do While Eating Breakfast."
849,"Name Something People Do While They’re Waiting For The Doctor."
850,"Name Something You Might Do On A First Date That Ruins It."
851,"When You’ve Had A Bad Day, Name Something You’re Told To Do To Make You Feel Better."
852,"Name A “Jane” You’ve Seen On TV"
853,"Name A Type Of Person That Wears A Name Tag"
854,"Name Something You Might Find At An Oasis"
855,"Name Something Parents Worry That Their Kids Do Too Much Of."
856,"Name Something That Celebrities And Young Children Have In Common"
857,"Besides A Wild Cat, Name Something That “Roars.”"
858,"Name An Object That Kids Pretend Is A Telephone"
859,"Tell Me Something You’re Likely To Find At A Hotel Continental Breakfast."
860,"Name Something A Baseball Umpire Might Keep In His Locker"
861,"Name A Gift That Works Well As A Stocking Stuffer"
862,"Name A Specific Sound That Has Woken You Up Before You Felt Ready To Be Awake"
863,"Name Something You’d Find Washed Up On The Beach"
864,"Name A Famous Tower."
865,"What Would The Guinness Award Winner For Longest Fingernails Have Trouble Doing?"
866,"Name A Relative You’d Rather Not See During The Holiday"
867,"Name Something That Still Fits Even If You Put On A Few Extra Pounds"
868,"Tell Me Something A Man Teaches His Son To Do"
869,"If You Were Going To Fill In For James Bond, Name Something You’d Have To Learn How To Do."
870,"Name Something A Telemarketer Tries To Sell You"
871,"Why Would You Call The Doctor If You’re Not Sick?"
872,"Name An Item In Your Home That You’d Need To Reset After Power Had Went Out"
873,"Name A Food Many People Have In Their Freezer Right Now"
874,"Name A Snack That’s Served At Any Party"
875,"If You Had A Box In The Attic labeled “Wedding,” Name Something That Would Be In It."
876,"Name A Reason You Would Not Want To Take Up Fishing."
877,"Name Something You Associate With Mickey Mouse."
878,"What Square Object In Your Home Could You Not Live Without?"
879,"Name Something That Has An Alarm"
880,"Name Something You Can Do In A Van That You Can’t Do In A Sports Car."
881,"Name Something People Add To Oatmeal"
882,"Name Something A Criminal Might Do To Avoid Being Recognized In A Police Line-Up."
883,"Name Something You May Do If You Were Trying To Woo A Cowboy."
884,"Name Something Cartoon Villains Are Always Doing That Lets You Know They’re Bad"
885,"Name Something A Couple Engaged To Be Married Might Go Shopping For."
886,"Name Something About Which People Always Want To Give You Their Opinion"
887,"Name Something Specific A Guy Might Take With Him To The Gym"
888,"Name An Animal That It’d Be Unflattering To Be Compared To"
889,"Which Question Do You Think Is Asked The Most At A High School Reunion?"
890,"Name Something That Might Be Described As “Strong.”"
891,"Name Something Red In The Pizza Parlor Of A Mafia Movie."
892,"Name Something You Might See In A Beauty Shop."
893,"Name A Superhero Who Doesn’t Fly"
894,"Name Something People Want For Christmas, That Can’t Be Put In A Box."
895,"Name Something People Need Good Posture To Do."
896,"Name Something You Associate With Brooklyn."
897,"Tell Me How Many Hours A Day A Teenage Girl Talks On The Phone"
898,"During Which Month Of Pregnancy Do Couples Announce It?"
899,"Besides For Work, Tell Me How Many Hours You Spend Using Your Computer In One Day. (Numeric Only Please.)"
900,"Name The Age When Youngsters Really Start Rebelling Against Their Parents."
901,"Name The Time Of Day A Person Is Likely To Take A Nap."
902,"Name Someone Who Might Be On Your Roof."
903,"Name A Reason You Might Be Glad To Put On A Few Pounds"
904,"Name A Comedian Whose Nose Is Larger Than His Talent."
905,"Name Something Kids Might Tell Santa In A Letter To Him"
906,"Name An Activity That Requires Moving Your Hips."
907,"Name A Part On A Car Most People Would Replace Themselves"
908,"Name Something That Goes Up And Down"
909,"Name Something From Home That You Wish Movie Theaters Had"
910,"Name Something An Airplane Has That Your Car Doesn’t."
911,"Name One Thing About Yourself That You Wish Would Stay The Same As You Age."
912,"Name Something People Claim To Have Seen That Others Think is Crazy"
913,"Name Something That Grows Quickly"
914,"Unlike A Wedding, Name A Social Event That You’d Never Want To Crash"
915,"Name Something You See On The Set Of Every Game Show"
916,"We Asked 100 Wives: Name Something In Your Makeup Drawer That Your Husband Wouldn’t Know What To Do With"
917,"Besides Blueberry Name A Kind Of Muffin People Eat At Breakfast."
918,"What Might Somebody Do While Driving That Would Make You Think They’re Probably Arrogant?"
919,"Name Something You Need Coins To Use."
920,"Name Something A Cat Would Probably Do If It Felt Threatened"
921,"Name A College Major That Begins With The Letter “A.”"
922,"Name An Expensive Item That’s Often Marked Way Down At A Pre-Christmas Sale"
923,"Name Something Of Her Child’s That A Mom Would Save Forever."
924,"What Might You Do To Avoid Being Approached By A Pushy Salesperson At A Car Lot?"
925,"Tell Me Something Fast-Food Employees Always Give You Too Much Of."
926,"Name Someone You Only See Once A Year."
927,"Name A Food That Often Gets Burned"
928,"Name A Last Minute Problem That Could Make You Late For Work"
929,"Name Something You Might Do After A Bad Restaurant Experience"
930,"Name A Band Instrument That Requires A Player With A Good Set Of Lungs"
931,"Name Something A Puppy Likes To Chew On"
932,"Name A Place That You Wish You Had The Nerve To Go Alone"
933,"Name Something You See In Horror Movies That Begins With The Letter “B.”"
934,"Even In A Tidy House, Name One Place Where There’s Usually Junk Hidden Away."
935,"Name Something You Might See In Someone’s Backyard That Would Tell You They Had Kids."
936,"Besides A Bird, Name An Animal That Has Claws."
937,"Name A Creature That Eats Bugs"
938,"Name Something You’re Hoping Is Fake At A Halloween Party Because You’d Be Afraid Of A Real One"
939,"Name Something That People Try To Squeeze Themselves Into."
940,"Name A Part Of The House Where You’re Most Likely To Set A Mousetrap."
941,"If You Were Offered A Magic Carpet Ride, Name Something You’d Want To Add To It To Make Your Trip More Comfortable."
942,"What Do You Need To Check To Ensure That Your Car Runs Properly?"
943,"Name Something Little Boys Can’t Wait To Grow Up And Do."
944,"Name A Food People Serve On A Bed Of Rice."
945,"Name An Animal That You Commonly See At The Circus"
946,"Name An Animal That Lives On Both Land And Water"
947,"Name Something A Commercial Hints That Will Happen If You Buy The Product Advertised?"
948,"In A New House, What Are The First Things You Unpack Because You’re Sure To Need Them Right Away?"
949,"Name Something A Child Would Say Is Too Short."
950,"Name A Less Than Tasty Food You’d Only Eat If You Were Camping"
951,"Name Something Most Doctors Carry With Them On Their Rounds."
952,"Name A Part Of The Body That Starts With The Letter “B.”"
953,"Name Something That Can Be Romantic To Ride On With A Partner"
954,"If Your License Has Expired, How Do You Get To The DMV To Renew It?"
955,"Name Someone Famous Who Plays The Piano."
956,"Name A Color A Teenager Might Dye Her Hair That Would Annoy Her Parents"
957,"Name A Food People Associate With The South"
958,"Name A Movie That Has Become A “Cult Classic”."
959,"Name A Type Of Online Site That Asks You To Log In."
960,"Name Something You Need In Order To Go Sledding."
961,"Name The Worst Thing About Being On Noah’s Ark."
962,"Name A Game You Played In Gym Class But Doesn’t Offer Much Exercise?"
963,"Name A Sport That A Tough Guy Might Think Is Wimpy."
964,"Name Something You’d Eat A Lot Of If You Needed To Gain A Quick 10 Pounds."
965,"Name Something A Patient In A Hospital Might Have Trouble Doing On His Own."
966,"Name A Specific Food That You Eat A Lot Of When You’re On A Diet."
967,"Name Something You Need To Check For If You’re Buying A Dress Used."
968,"Name An Actress Who is Or Was A Model"
969,"Name Something Little Boys Love To Build Models Of."
970,"Name A Snack That Goes Great With Coffee."
971,"Tell Me A Name You Might Give Your Pet That You’d Hate To Have As Your Name"
972,"Name A Place Where You See A Scale"
973,"Name A Place Where A Child Makes Friends."
974,"Name Something People Decorate With In Winter To Get In The Holiday Spirit"
975,"Name Something Toddlers Carry Around With Them All The Time"
976,"Name Something You Can Buy At A Rock Concert."
977,"Name A Place People Often Keep A Spare Key"
978,"Name A Book You’d Like To Get As A Gift."
979,"Name A Food That’s Noisy When People Eat It."
980,"Name An Occupation Whose Workers You Hold To A Higher Driving Standards That Anyone Else."
981,"Name Something That Gets Knocked Over When Its Really Windy."
982,"Name Something You’d See A Person Do While Jogging For Exercise, But Never If They Were Being Chased"
983,"Name A Flavor Of Potato Chips"
984,"Name Something You Put On A Chicago Style Hotdog"
985,"Name A Pizza Topping A Vegetarian Would Never Order."
986,"Name Someone Who Might Tell You To Lose Weight"
987,"What Food Do You Want To Avoid Before Kissing Someone?"
988,"Name Something That Goes Well With Pizza."
989,"If Apple Pie Lost Its Title As The Food Defining America, What Dessert Might Take Its Place?"
990,"Name Something A College Student Would Write Down On A Calendar."
991,"Name Something Cats Have That People Don’t"
992,"We Asked 100 Husbands! Name A Subject Your Wife Likes To Be The Expert On."
993,"What Might You Do Before Bed If You Don’t Want Anything To Wake You Up In The Morning?"
994,"Tell Me A Sign You Might See Posted At A Park."
995,"Name Something A Celebrity Might Go On A Talk Show To Promote"
996,"Name Something In Your House That’s Been Passed Down For Generations"
997,"Name A Kitchen Appliance That Is Hardest To Clean"
998,"Name A Reason You Might Wear A Hat."
999,"Name A Reason Why A Baby May Be More Fussy Than Usual."
1000,"At The End Of A Work Day, Name Something You’re Usually Tired Of"
1001,"Name Something That Costs Twice As Much As It Is Worth."
1002,"Name Something That Left Handed People Need To Use A Special Version Of"
1003,"Name An Occasion Where You’d See People Dancing."
1004,"Name An Event That Takes Place At A Church"
1005,"What Does A Model Need In Order To Be Successful?"
1006,"Name Something There Are Seven Of."
1007,"Name A Specific Skill You’d Have To be Good At To Be A Professional Baseball Player."
1008,"Name A Vegetable That Has An Unmistakable Smell When Cooking"
1009,"Name A Specific Food That You Associate With The South"
1010,"Other Than Stars’ Salaries, Name The Most Expensive Thing That Goes Into Making A Movie."
1011,"Name A Good Material For A Winter Coat"
1012,"Name A Place Where It’d Be In Bad Taste To Hit On Someone"
1013,"Name Something That Kids Make Out Of Paper"
1014,"Name The First Bill You Pay Each Month?"
1015,"Name A Place Where You Might See Lots Of Police Officers"
1016,"Name A Breakfast Item That You’d Find On The Menu Of A Fancy Restaurant, But Not Your Local Diner"
1017,"On A Bright, Sunny Day, Why Would You Leave The Beach?"
1018,"Tell Me A Fictional Character That Would Have Been On Santa’s “Naughty” List"
1019,"Name A Feature You Have In Your Car That A Mother Might Like To Have On Her Baby’s Stroller"
1020,"If Barbie And Ken Broke Up, What Might Barbie Do With All The Extra Time?"
1021,"Name Something Pregnant Women Do A Lot Of When They’re In Labor."
1022,"Name Something That Every Movie Theatre, Fancy Or Not, Has."
1023,"Name The Best Part Of The Grocery Store To Pick Up A Date"
1024,"What Might A Cowboy Have Hidden Under His Hat?"
1025,"Name Something You Might Build In The Backyard."
1026,"Which Of Santa’s Reindeer Have Names That Sound Like Nicknames For A Lady’s Man?"
1027,"Name Something Moms Make Their Kids Wear In The Winter."
1028,"Name a dessert you’d find in every cafeteria."
1029,"Name A Word Men Use To Mean “Friend.”"
1030,"Name Something That People Put Behind Their Ears."
1031,"If You Elope To Las Vegas, Name Something You Might Not Have At Your Wedding."
1032,"Name Something Associated With Goldie Hawn."
1033,"Name Something Specific That’s Fun To Get In The Mail."
1034,"Name A Phrase On A Traffic Sign That You Could Imagine Seeing On Your In-Laws House."
1035,"Name Something Christopher Columbus Might Have Worried About During His Voyage To America."
1036,"Name A Gift That A new Mom Is Bound To Get Duplicates Of At A Baby Shower."
1037,"Name Something Kids Might Put On Their Face That Is Hard To Wash Off."
1038,"We Asked 100 Men: Where Do Women Just Hate To Go?"
1039,"If Water Became As Expensive As Gas, Name Something You’d Do A Lot Less Of"
1040,"Name Something Parents Always Seem To Be Buying For Their Kids."
1041,"Name Something Some Women Spend A Lot Of Money On, Just To Look Good."
1042,"Besides Thanksgiving, Name A Holiday You Celebrate With A Lot Of Food."
1043,"Name Something Specific A Child Might Do In A Store To Make Mom Mad."
1044,"Name Something Kids Forget When Leaving For School."
1045,"Name Something People Enjoy Doing Under A Tree."
1046,"Name A Word That Describes Someone Who Doesn’t Pull Their Own Weight"
1047,"Name A Celeb Who Should Never Have Taken Up Acting."
1048,"Name Something A Teacher Might Use To Help Them Teach Their Class."
1049,"Name A High School Subject That Kids Consider Difficult. Be Specific."
1050,"Name A Type Of Person Who Might Wear Goggles."
1051,"Name Someone Who Knows A Lot About You Because It’s Their Job."
1052,"Name A Part Of Your Car That Can Be Adjusted."
1053,"Name A Kind Of Place Where You See People Killing Time."
1054,"Name something that you spend money on to make your house more cozy"
1055,"Which Item Does A Prank Store Likely Sell A Lot Of?"
1056,"Name A Reason Why A Person Would Say They Had A Horrible Cab Driver."
1057,"Name Something Kids Get In Trouble For Throwing."
1058,"Name A Popular Summer Activity."
1059,"Name An Activity That Is Associated With Retired People."
1060,"Name Something That’s Dangerous To Do One-Handed."
1061,"Name Something People Associate With Albert Einstein."
1062,"Name A Food Or Drink You’d Buy If You Were Having A Super Bowl Party."
1063,"Name A Reason Why A Celeb Might Refuse To Sign An Autograph"
